"","school","athlete","class"
"1","Oral Roberts","Abraham Chelangam","JR"
"2","Iowa State","Robin Kwemoi Bera","SO"
"3","Iowa State","Joash Ruto","SO"
"4","Iowa State","Sanele Masondo","SR"
"5","Oklahoma","Thobias Cheruiyot","SO"
"6","Iowa State","Rodgers Kiplimo","JR"
"7","Bradley","Jayde Rosslee","JR"
"8","DePaul","Mohamed Abdullahi","SO"
"9","Tulsa","Shay McEvoy","SR"
"10","South Dakota State","Cody Larson","SR"
"11","Mizzou","Drew Rogers","SR"
"12","Tulsa","Ben Brown","SO"
"13","Illinois","Joshua Daggett","SR"
"14","Wichita State","Adrian Diaz-Lopez","SR"
"15","Mizzou","Raymond Kipkoech","FR"
"16","Mizzou","Elijah Limo","FR"
"17","Loyola-Ill","Hayden Healey","SR"
"18","Mizzou","Ryder James","JR"
"19","Mizzou","Austin Popplewell","SR"
"20","Oklahoma","Evans Biwott","FR"
"21","Wichita State","Zander Cobb","SR"
"22","Oral Roberts","Andrew Smithwick","JR"
"23","Drake","Brenden Heitzig","JR"
"24","Oklahoma","Ronald Ngetich","FR"
"25","Loyola-Ill","Jake Phillips","JR"
"26","Loyola-Ill","Jason Clayton","SR"
"27","Mizzou","Tyler Freiner","SR"
"28","Kansas","Regan Kibet","FR"
"29","Loyola-Ill","Cael Mulholland","JR"
"30","Kansas","Paul Ngasharr","FR"
"31","Drake","Aidan Palmer","SR"
"32","Loyola-Ill","Yusuf Baig","SR"
"33","Wichita State","Kelvin Kipyego","SO"
"34","Ill-Chicago","Daniel Chavez","SR"
"35","Illinois","Adam Patel","FR"
"36","Ill-Chicago","Alex Bacci","SR"
"37","Iowa State","Allen Bonnessen","SO"
"38","Oklahoma State","Denis Kipngetich","SO"
"39","Wichita State","Elkana Kipruto","SO"
"40","Loyola-Ill","Nate Boutin","SO"
"41","Oklahoma","Shadrack Kiptoo","FR"
"42","Oral Roberts","Cornelius Kipkogei","JR"
"43","Loyola-Ill","Woody Jerome","JR"
"44","Oklahoma State","Laban Kipkemboi","SO"
"45","Oklahoma State","Fouad Messaoudi","SR"
"46","Oklahoma State","Brian Musau","JR"
"47","North Dakota","Matej Hrebacka","SO"
"48","Bradley","Michael Robello","SR"
"49","Bradley","Caleb Lind","SR"
"50","Iowa State","Devan Kipyego","JR"
"51","South Dakota","Isaac Ochoa","SO"
"52","Mizzou","Carter Spradling","FR"
"53","Minnesota","Aidan Jones","SO"
"54","North Dakota","Louis-Lys Fanucchi","SO"
"55","Minnesota","Aloysius Franzen","FR"
"56","Oklahoma","Hayden Gray","JR"
"57","South Dakota","Natnael Kifle","SO"
"58","Minnesota","Sam Scott","FR"
"59","South Dakota State","Cashton Johnson","SO"
"60","South Dakota State","Will Lohr","JR"
"61","Drake","Aziz JDai","SR"
"62","Tulsa","Charlie Krasnoff","JR"
"63","Tulsa","Levi Rowan","FR"
"64","Tulsa","Luke Birdseye","JR"
"65","Oklahoma","Adrian Stuphan","SR"
"66","Kansas","Tanner Talley","SR"
"67","Oklahoma State","Adisu Guadia","JR"
"68","South Dakota State","Dale Johnson","SO"
"69","North Dakota State","Jacob Knodle","JR"
"70","Minnesota","Emmet Anderson","SR"
"71","North Dakota State","Ethan Moe","SO"
"72","Wichita State","Cesar Ramirez","SR"
"73","Oral Roberts","Artwell Magake","SO"
"74","Minnesota","Jaedyn Chase","JR"
"75","South Dakota State","Jared Lutmer","FR"
"76","Minnesota","Emmett Gerres","SO"
"77","Minnesota","Leo Goodman","SR"
"78","Bradley","Oliver Burns","SO"
"79","Wichita State","Jacob Myers","JR"
"80","Oklahoma State","Jacob Deacon","SO"
"81","Wichita State","Jonah Allison","JR"
"82","Bradley","Brandon Kamp","SR"
"83","Bradley","Travis Gaffney","SO"
"84","Bradley","Jacob Trangmar","FR"
"85","Ill-Chicago","Zachary Close","SO"
"86","Lindenwood","Isaac Ndiwa","SO"
"87","Tulsa","Joseph Stoddard","JR"
"88","South Dakota State","Luke Johnson","JR"
"89","Ill-Chicago","Orlando Hernandez","JR"
"90","Ill-Chicago","Theodore Cunningham","JR"
"91","North Dakota State","William Gerber","JR"
"92","North Dakota State","Ivan Askim","SO"
"93","Nebraska","Denny Chapman","SO"
"94","Eastern Illinois","Michael Atkins","SR"
"95","Tulsa","James Knockton","SR"
"96","North Dakota","Niko Angell","JR"
"97","DePaul","John Bush","JR"
"98","Illinois","Pol Molins","FR"
"99","DePaul","Mason Krieg","JR"
"100","Ill-Chicago","Angel Solis","SR"
"101","Oklahoma State","Will Muirhead","SR"
"102","SIU Edwardsville","Logan Luttrell","SO"
"103","DePaul","Cole Tupper","FR"
"104","Kansas","Parker Walion","FR"
"105","Eastern Illinois","Cale Smith","JR"
"106","Kansas","Quenton Walion","SR"
"107","Iowa","Hayden Kuhn","JR"
"108","Kansas","Ryo Higuchi","SO"
"109","Iowa State","Quinton Orr","SR"
"110","Oklahoma","Josh Cherry","SR"
"111","North Dakota State","Carl Rekow","SO"
"112","Kansas","Sawyer Schmidt","JR"
"113","South Dakota","Levi Hill","JR"
"114","North Dakota","Ian Busche","JR"
"115","North Dakota","Ethan Adams","FR"
"116","Eastern Illinois","Bradley Ahrens","SR"
"117","Nebraska","Grant Wasserman","SR"
"118","Ill State","Cayde de Waal","JR"
"119","Ill State","Julian Baker","SO"
"120","Creighton","Oliver Annus","FR"
"121","North Dakota State","Quinn Roehl","SO"
"122","South Dakota","Piercze Marshall","JR"
"123","Creighton","Andrew Sauer","FR"
"124","Ill State","Blake Oleson","JR"
"125","SIU Edwardsville","Jack Willenborg","SO"
"126","Drake","John Moellers","FR"
"127","SE Missouri","Garrett Dumke","SR"
"128","Drake","Aidan Simon","JR"
"129","Chicago State","Dennis Kirui","FR"
"130","Iowa","Elias Arbuckle","FR"
"131","Kansas State","Jackson Esquibel","SO"
"132","Iowa","Carson Houg","SR"
"133","Creighton","Eli Moore","SR"
"134","Nebraska","Gabe Nash","SO"
"135","Creighton","Cole Haith","SR"
"136","Eastern Illinois","Sebastian Meyer","SR"
"137","Iowa","Brayden Burnett","SR"
"138","Kansas State","Logan Beckman","FR"
"139","Iowa","Kyle Montgomery","SO"
"140","SE Missouri","Nick Cimmarusti","SR"
"141","Chicago State","Collins Kuyo","FR"
"142","Saint Louis","Tyler Schweizer","SR"
"143","DePaul","Kyle Clark","SO"
"144","DePaul","Daniel Grauer","FR"
"145","Ill State","Kane Shields","JR"
"146","Ill State","Will Gelon","SO"
"147","Kansas State","Brock Olsen","FR"
"148","South Dakota","Mason Sindelar","SR"
"149","Drake","Xander Kwa","FR"
"150","Western Illinois","Robert Perry","SR"
"151","St. Thomas","Casey Poppler","FR"
"152","St. Thomas","Max Westerlund","JR"
"153","South Dakota State","Brandon Kampsen","SO"
"154","Drake","Daghyn True","FR"
"155","Northern Iowa","Micah Rees","SO"
"156","North Dakota","Aleksa Milanovic","JR"
"157","Southern Illinois","Brady Faulkner","FR"
"158","Ill State","Luke Barham","SO"
"159","St. Thomas","Adam Lueth","JR"
"160","Ill State","Logan Scott","FR"
"161","Saint Louis","Manny Vela","SO"
"162","Saint Louis","Alekandr Acuna","FR"
"163","St. Thomas","Joe McNeil","JR"
"164","Illinois","Jackson Barrett","FR"
"165","South Dakota","Tommy Hensley","FR"
"166","St. Thomas","Nate Meyer","FR"
"167","South Dakota","Riley Ruhaak","SR"
"168","Creighton","Lucas Bossinger","SO"
"169","Iowa","Luke Knepp","SO"
"170","Saint Louis","Brady Huggins","JR"
"171","Creighton","Sam Berlinghof","SO"
"172","Saint Louis","Ronnie Brown","FR"
"173","Creighton","Dominic Ricci","JR"
"174","Saint Louis","Lukasz Iwanowski","SR"
"175","Southern Illinois","Calen George","FR"
"176","SIU Edwardsville","Tanner Emerson","SO"
"177","Illinois","Trey Sato","FR"
"178","Eastern Illinois","Tyler Dillon","SO"
"179","Eastern Illinois","Aidan Gonzalez","SR"
"180","Kansas State","Canyon Buehler","FR"
"181","Kansas State","Julian Avila","SR"
"182","North Dakota","Henrik Lindstrot","SO"
"183","Illinois","Brady Masters","SR"
"184","St. Thomas","Isaac Nowack","JR"
"185","Eastern Illinois","Jiberil Lesman","FR"
"186","Southern Illinois","Will Foltz","SO"
"187","St. Thomas","Ethan Foote","SO"
"188","Nebraska","Kaleb Sharp","SO"
"189","Western Illinois","Logan Beckmier","JR"
"190","Northern Iowa","Drew Dombrosky","JR"
"191","SE Missouri","Jacob Blassingame","SR"
"192","SE Missouri","Myles Thornburg","SO"
"193","SIU Edwardsville","Aaron Conderman","FR"
"194","Northern Iowa","Ethan Olds","FR"
"195","Northern Iowa","Ty Getz","SO"
"196","Northern Iowa","Jonas VanDis","FR"
"197","Oral Roberts","Jarrett Ketchmark","SR"
"198","Northern Iowa","Caleb Kass","JR"
"199","DePaul","Jack Hopkins","FR"
"200","North Dakota State","Austin Wanner","SO"
"201","Western Illinois","Eason Comer","SO"
"202","Saint Louis","Aidan Murphy","FR"
"203","Western Illinois","Brody Harker","FR"
"204","SE Missouri","Clayton Eftink","SO"
"205","Ill-Chicago","Nolan Rogers","JR"
"206","Chicago State","Dean Solomon","FR"
"207","Western Illinois","Evan Eberhart","FR"
"208","Nebraska","Riley Boonstra","SO"
"209","Lindenwood","Eliezer Santiago","FR"
"210","Chicago State","Jason Artege","FR"
"211","Chicago State","Jacob Draaisma","FR"
"212","Northern Iowa","Colin Lillie","SO"
